Feature,Coefficient
Num_Sites,1.9890045402212373
Years,0.7992269425934888
Age,0.3140323441515475
Account_Manager,0.25713221151852245
Total_Purchase,0.0516083281226692
